index,Product,Price,Discount,Available
1,Túi 46 Gói Nescafé Đậm Đà Hài Hòa (17g),89.000 ₫,-41%,Đã bán 45
2,Điện Thoại Oppo A54 (6GB/128GB) - Hàng Chính Hãng,4.250.000 ₫,-2%,Đã bán 12
3,Combo 2 Tã Dán Người Lớn SunMate G2 Size M/L10 (10 Miếng),135.000 ₫,-34%,Đã bán 5
4,Sữa tắm detox Lifebuoy Matcha & Khổ qua 850g chiết xuất từ thiên nhiên giúp ngừa mụn cơ thể và sạch sâu khỏi bụi mịn,142.000 ₫,-20%,Đã bán 10
5,"Bàn Chải Điện P/S S100 PRO - Công Nghệ Sóng Âm, Chải Sạch Mảng Bám Tới 10X - Đen Nhám",780.000 ₫,-40%,Đã bán 2
6,"Combo 3 Chiếc Quần Lót Nữ Thời Trang Không Đường May iBasic V188, Mềm Mịn, Thoáng Mát - Hàng Chính Hãng",165.000 ₫,-20%,Vừa mở bán
7,Nồi chiên không dầu Tefal EY201815 - Hàng chính hãng,1.994.000 ₫,-55%,Vừa mở bán
8,Lốc 6 Chai Trà Ô Long Tea+ Plus (350ml x 6 Chai),38.000 ₫,-14%,Đã bán 6
9,Nồi chiên không dầu vỏ thép Tefal EY701D15 - Dung tích 5.6L Size lớn XXL Công suất 1850W - Hàng chính hãng,3.544.000 ₫,-46%,Vừa mở bán
10,Smart Tivi Crystal Samsung 4K 43 inch UA43AU8000 Mới 2021,12.662.000 ₫,-28%,Vừa mở bán
11,Thùng 48 Hộp Sữa Nestlé Milo Ít Đường (180ml/ Hộp),299.000 ₫,-19%,Đã bán 25
12,Điện Thoại iPhone 12 Pro 128GB - Hàng Chính Hãng,25.940.000 ₫,-3%,Vừa mở bán
13,Bộ Cây Lau Nhà Tự Vắt Thông Minh 2 Ngăn Parroti Pro PR01 Cao Cấp - Lau Sạch Khô Nhanh – 3 Miếng Lau Microfiber,395.000 ₫,-53%,Đã bán 2
14,Nón rộng vành gấp gọn chống nắng phong cách Hàn Quốc dn20092401,140.000 ₫,-17%,Vừa mở bán
15,Combo Dầu Gội (640g) Và Dầu Xả (620g) Tresemmé Keratin Smooth Tinh Dầu Argan Và Keratin Vào Nếp Suôn Mượt,263.000 ₫,-29%,Vừa mở bán
16,"Mũ Bảo Hiểm Xe Đạp Thời Trang, Nón Bảo Hiểm Xe Đạp Thể Thao Cao Cấp Protec Win 037 Thiết Kế Thông Minh, An Toàn, Siêu Nhẹ - Hàng Chính Hãng",311.000 ₫,-26%,Vừa mở bán
17,Máy xay sinh tố và làm sữa hạt đa năng Tefal BL967B66- - 1300W - Lưỡi dao với công nghệ Powelix - Hàng chính hãng,2.994.000 ₫,-37%,Vừa mở bán
18,Thắt lưng nam cao cấp AT Leather P110 - Nâu,165.000 ₫,-44%,Vừa mở bán
19,Combo Tiết Kiệm: 6 Gói Khăn Ướt Bobby Care Không Hương 100 Miếng/Gói,170.000 ₫,-31%,Đã bán 3
20,Tủ lạnh Aqua 90 lít AQR-D99FA(BS),2.649.000 ₫,-4%,Đã bán 1
21,"Bàn Chải Điện P/S S100 PRO - Công Nghệ Sóng Âm, Chải Sạch Mảng Bám Tới 10X - Xanh Ombre",780.000 ₫,-40%,Đã bán 3
22,Thùng Sữa đậu nành Fami Canxi ít đường (200ml x 40 bịch),109.000 ₫,-35%,Đã bán 17
23,Bộ sản phẩm bảo vệ và chống nắng toàn diện La Roche-Posay Anthelios Dry Touch ,605.000 ₫,-8%,Đã bán 2
24,Combo 2 Túi nước giặt xả Maxkleen Hương Huyền Diệu 3.8kg/túi ,272.000 ₫,-28%,Đã bán 1
25,"Bóp Ví Mini J4M để thẻ, card visit, phong cách thời trang công sở , VS22",55.000 ₫,-44%,Vừa mở bán
26,Điện Thoại OnePlus  Nord CE 5G (12GB/256G) - Hàng Chính Hãng,8.250.000 ₫,-13%,Vừa mở bán
27,"Combo 3 Quần Lót Nam Boxer 5S,  Cạp To, Thấm Hút, Co Giãn, Kháng Khuẩn Cực Tốt (X3-SIP21011BOX).",139.000 ₫,-58%,Vừa mở bán
28,Adapter Sạc 1 Cổng USB Type-C 20W Apple MHJE3ZA/A - Hàng Chính Hãng,450.000 ₫,-4%,Đã bán 1
29,Loa Bluetooth JBL Charge 4 30W - Hàng Chính Hãng,2.190.000 ₫,-45%,Vừa mở bán
30,Bàn Làm Việc Gỗ Chân Sắt BEYOURs Kèm Kệ Sách Chắc Chắn Thông Minh - Dễ Dàng Lắp Ráp - Simple - Nội Thất Phòng Làm Việc,899.000 ₫,-35%,Vừa mở bán
31,Điện Thoại iPhone 12 Pro Max 256GB - Hàng Chính Hãng,30.990.000 ₫,-18%,Vừa mở bán
32,"Bộ lấy ráy tai đa năng 6 món Cao cấp bằng thép không rỉ KitAcoom, hàng nhập khẩu cao cấp có hộp đựng",34.000 ₫,-15%,Vừa mở bán
33,Nước Tẩy Trang Làm Sạch Sâu Cho Da Nhạy Cảm La Roche-Posay Micellar Water Ultra Sensitive Skin 400ml,359.000 ₫,-10%,Vừa mở bán
34,"Bộ Sản Phẩm Gel Rửa Mặt Làm Sạch Sâu, Giảm Bã Nhờn Và Se Khít Lỗ Chân Lông VICHY Normaderm Phytosolution Intensive Purifying Gel",475.000 ₫,-12%,Vừa mở bán
35,Thùng 24 Lon Nước Uống Có Gaz Pepsi Vị Chanh Không Calo (320ml/Lon),192.000 ₫,-13%,Đã bán 8
36,Thắt lưng nam da bò AT Leather M4K35-05,209.000 ₫,-36%,Đã bán 1
37,Dưỡng Chất Khoáng Cô Đặc Phục Hồi Và Bảo Vệ Da Vichy Mineral 89 - 100871693 (50ml),755.000 ₫,-11%,Vừa mở bán
38,Hackers IELTS: READING,143.000 ₫,-45%,Vừa mở bán
39,Combo 2 Túi Nước Giặt Xả Maxkleen Hương Hoa Nắng (3.8kg/túi),272.000 ₫,-28%,Vừa mở bán
40,Thức Uống Yến Mạch Quaker 3in1 - Vị Berry Burst 450g,59.000 ₫,-21%,Vừa mở bán
41,Combo 6 hộp bông tẩy trang Silcot (82 miếng/hộp),164.000 ₫,-30%,Đã bán 5
42,Hộp 12 Cây Chì Chuốt Sọc Đỏ Đen Cenvava Mini-064,25.001 ₫,-58%,Vừa mở bán
43,Đồng Hồ Thông Minh Apple Watch SE GPS Only Aluminum Case With Sport Band (Viền Nhôm & Dây Cao Su) - Hàng Chính Hãng VN/A,6.950.000 ₫,-2%,Vừa mở bán
44,"Giày Sneaker Nữ Vải Mềm Ôm Chân, Đế Cao Su 2 Lớp Thích Hợp Đi Học, Đi Chơi, Chạy Bộ GN30",59.000 ₫,-34%,Vừa mở bán
45,Máy giặt Samsung Inverter 8 kg WW80T3020WW - Chỉ giao Hà Nội,5.099.000 ₫,-7%,Đã bán 1
46,Nồi áp suất điện đa năng Tefal CY601868 - 6 Lít - 15 chức năng - Hàng chính hãng,1.994.000 ₫,-39%,Vừa mở bán
47,"Dầu Gội Đầu cho nam 900g Clear Men Cool Sport Bạc hà đánh bay gàu, ngứa và vi khuẩn mát lạnh cực đỉnh suốt ngày dài",157.000 ₫,-25%,Đã bán 5
48,Thùng 24 Lon Nước Uống Có Gaz Pepsi Không Calo (320ml/Lon),192.000 ₫,-13%,Đã bán 4
49,"Móc tai đeo khẩu trang chống đau tai, tai giả đeo khẩu trang sử dụng lâu dài không đau tai, sử dụng nhựa trong cao cấp, hoàn thiện tốt (màu trắng)",4.000 ₫,-71%,Vừa mở bán
50,Tã Dán Cao Cấp Moony Nhật Bản M64 (64 Miếng),313.000 ₫,-2%,Vừa mở bán
51,Combo Dove Phục Hồi Hư Tổn Dầu Gội 640g + Kem Xả 610g,200.000 ₫,-26%,Đã bán 3
52,"Nồi cơm điện cơ mini Tefal RK224168 - 0.7L, 300W - Hàng chính hãng",582.000 ₫,-41%,Vừa mở bán
53,Android Tivi Sony 4K 50 inch KD-50X75A Mới 2021,14.048.000 ₫,-14%,Vừa mở bán
54," khẩu trang VN 95:1c,loại thông hơi và không thông hơi",19.000 ₫,-24%,Vừa mở bán
55,Sữa Tắm Johnson's Baby cho Bé - Dung Tích 1000ml,145.000 ₫,-27%,Vừa mở bán
56,"Ví sen 3, da bò thật, ví mini cầm tay cho nam và nữ đựng tiền và thẻ, bh 24 tháng 1 đổi 1, VSN19",56.000 ₫,-60%,Vừa mở bán
57,Nồi cơm điện từ Tefal RK732168 1.8L - 750W - Hàng chính hãng,1.014.000 ₫,-29%,Vừa mở bán
58,Thùng 24 Lon Nước Ngọt Có Gaz Pepsi (320ml/lon),179.000 ₫,-19%,Đã bán 4
59,Nồi cơm điện tử Tefal RK733168 - 1.8L 750W - Lòng nồi niêu vân đá cao cấp - Giữ ấm 12 tiếng - Công nghệ Fuzzy Logic - Hàng chính hãng,985.000 ₫,-34%,Vừa mở bán
60,Vaseline 50x Serum Chống Nắng Cơ Thể SPF50 + Dưỡng Da Sáng Khoẻ (320ml),152.000 ₫,-20%,Vừa mở bán
61,Tã Dán Moony Natural Bông Organic Newborn 63 (63 Miếng),436.000 ₫,-2%,Vừa mở bán
62,Bộ sản phẩm bảo vệ và giảm mụn Senka (Sữa tẩy trang Milky 230ml + Sữa rửa mặt Acne 100g + Chống nắng UV Gel 80ml),249.000 ₫,-40%,Vừa mở bán
63,Thùng 24 Lon Bia Budweiser (330ml / Lon),353.000 ₫,-16%,Đã bán 10
64,Sách 10 Bộ đề thi chứng chỉ tiếng Anh A2 - Ôn thi Vstep bậc 2 - chứng chỉ ngoại ngữ (Anh văn) bậc 2 khung NLNN Việt Nam,227.000 ₫,-24%,Vừa mở bán
65,Smart Tivi OLED LG 4K 55 inch OLED55CXPTA,26.126.000 ₫,-60%,Vừa mở bán
66,Bình Nước Lock&Lock One Touch ABF645 (550ml),98.000 ₫,-50%,Vừa mở bán
67,Tã quần Bobby có đệm lưng thấm mồ hôi đủ size M120/L104/XL96/XXL88,410.000 ₫,-33%,Vừa mở bán
68,5 quần ngắn trắng cho bé sơ sinh (2-13kg),45.000 ₫,-29%,Vừa mở bán
69,Android Tivi Sony 4K 65 inch KD-65X7500H,18.998.000 ₫,-42%,Vừa mở bán
70,Thùng Sữa Đậu Nành Fami Canxi Nguyên vị (200ml x 40 Bịch),109.000 ₫,-35%,Đã bán 13
71,Tã Quần Moony Natural Bông Organic L36 (36 Miếng),333.000 ₫,-2%,Vừa mở bán
72,Android Tivi Sony 4K 43 inch KD-43X75A Mới 2021,11.870.000 ₫,-15%,Vừa mở bán
73,Smart Tivi QLED Samsung 8K 82 inch QA82Q900RBKXXV,66.122.000 ₫,-78%,Vừa mở bán
74,"Nệm Foam Goodnight Massage Nhật Bản êm ái, thoáng mát, mềm mại, nâng đỡ cơ thể tối ưu",2.209.000 ₫,-60%,Vừa mở bán
75,Dép nữ đế bệt phối quai chéo thời trang Erosska kiểu dáng đơn giản DE029,49.000 ₫,-59%,Vừa mở bán
76,Thùng 48 Hộp Sữa Tươi Tiệt Trùng Dutch Lady Cô Gái Hà Lan Có Đường (48 x 110ml),205.000 ₫,-32%,Vừa mở bán
77,Bộ 2 chai Sữa tắm sữa & gạo Johnson's Milk Rice + Sữa tắm sữa & yến mạch Johnson's Milk Oats 1000ml x 2 - 540019940,283.000 ₫,-29%,Vừa mở bán
78,Bóp Ví Nam Da Bò Thật 4U Cao Cấp Dáng Ngang Sang Trọng F110D,152.000 ₫,-37%,Vừa mở bán
79,Sữa Tắm Lifebuoy 850g Bảo Vệ Vượt Trội 10 Giúp Bảo Vệ Khỏi 99.9% Vi Khuẩn Và Ngăn Ngừa Vi Khuẩn Lây Lan Trên Da Tốt Nhất,105.000 ₫,-22%,Đã bán 3
80,Bảng Hiển Thị Số Điện Thoại Gắn Trên Taplo Xe Ô TÔ  Giúp Người Đi Đường Dễ Dàng Liên Hệ Với Bạn Khi Cần Thiết,10.000 ₫,-57%,Vừa mở bán
81,Sữa Tắm Lifebuoy 1100g Bảo Vệ Vượt Trội 10 Giúp Bảo Vệ Khỏi 99.9% Vi Khuẩn Và Ngăn Ngừa Vi Khuẩn Lây Lan Trên Da Tốt Nhất,140.000 ₫,-20%,Vừa mở bán
82,Thùng 36 hộp Sữa pha sẵn Nestlé® NAN® OPTIPRO® Kid Hộp pha sẵn 115ml ( 4x(9x115ml) ) - Mua 8 tặng 1,299.000 ₫,-7%,Đã bán 2
83,"Máy làm sữa hạt, xay nấu đa năng 2 cối nóng và lạnh, hút chân không - Tefal Ultra Blend Boost BL985A31 - 1300W  - Hàng chính hãng",6.544.000 ₫,-50%,Vừa mở bán
84,Bóp Ví Nam Da Bò Thật 4U Cao Cấp Dáng Đứng Thời Trang FB203,140.000 ₫,-28%,Vừa mở bán
85,Sữa Tắm Lifebuoy 1100g Chăm Sóc Da Dưỡng ẩm Mềm Mịn Giúp Bảo Vệ Khỏi 99.9% Vi Khuẩn Và Ngăn Ngừa Vi Khuẩn Lây Lan Trên Da,140.000 ₫,-20%,Vừa mở bán
86,Bộ Tạ Tay Điều Chỉnh Đa Năng 4 IN 1 FED Tạ Gang Mã Niken loại 30kg --- Hàng Chính Hãng,2.754.000 ₫,-10%,Vừa mở bán
87,Tã Quần Moony Natural Bông Organic M46 (46 Miếng),333.000 ₫,-2%,Vừa mở bán
88,Giấy Note Tim - Kèm Bút Bubu BLTP-0051 - Hình Mắt Kính,9.001 ₫,-36%,Vừa mở bán
89,Chảo chiên sâu lòng Tefal Natura B2266695 28cm - Chống dính tuyệt vời- Báo nhiệt thông minh - Hàng chính hãng,249.000 ₫,-52%,Đã bán 2
90,Gel sữa chống nắng Senka Perfect UV Gel 80ml,129.000 ₫,-32%,Vừa mở bán
91,Thùng 24 Hộp Sữa Tươi Tiệt Trùng Dutch Lady Cô Gái Hà Lan Organic (24X200ml),202.000 ₫,-40%,Vừa mở bán
92,Túi đeo chéo mini thời trang cao cấp trong suốt MIDORI DESIGN ,227.000 ₫,-35%,Vừa mở bán
93,Combo 2 túi nước giặt xả Maxkleen hương Vườn Sớm Mai 3.8kg/túi ,272.000 ₫,-28%,Vừa mở bán
94,Đèn Bàn Học LED USB Di Động Cao Cấp Có Thể Gập Hai Chỗ – 03 Chế Độ Ánh Sáng Vàng Bảo Vệ Mắt Chống Cận eLights,241.000 ₫,-10%,Vừa mở bán
95,Tã Quần Cao Cấp Moony Nhật Bản M58 (58 Miếng),313.000 ₫,-2%,Vừa mở bán
96,Tã Dán Cao Cấp Moony Nhật Bản L54 (54 Miếng ),313.000 ₫,-2%,Vừa mở bán
97,Khăn nén cao cấp T.ssue Wipes (thùng 500 viên),408.001 ₫,-26%,Vừa mở bán
98,Single Sữa Tắm dưỡng thể 900g Dove Dưỡng ẩm chuyên sâu Deeply Nourishing với 1/4 kem dưỡng da mặt,147.000 ₫,-24%,Đã bán 2
99,Nước cân bằng giàu khoáng dành cho da dầu La Roche Posay Effaclar Astringent Lotion 200ml ,299.000 ₫,-21%,Vừa mở bán
100,Bộ đôi Kem chống nắng dưỡng da dạng sữa bảo vệ hoàn hảo Anessa Perfect UV Sunscreen Skincare Milk SPF 50+ PA++++ 60ml + Kem nền trang điểm BB chống nắng dưỡng da Anessa SPF 50+ PA++++ 25ml,625.000 ₫,-41%,Vừa mở bán
101,Sữa Bột Abbott Ensure Gold Vani 850g,715.000 ₫,-4%,Vừa mở bán
102,Đồng hồ Nam thể thao SKMEI 1335 - DHA508,158.000 ₫,-71%,Vừa mở bán
103,Gel rửa mặt tạo bọt làm sạch & giảm nhờn cho da dầu nhạy cảm La Roche-Posay Effaclar Purifying Foaming Gel (50ml),155.000 ₫,-18%,Vừa mở bán
104,Tai Nghe Nhét Tai Sony Fontopia MDR-E9LP - Hàng Chính Hãng,121.001 ₫,-39%,Vừa mở bán
105,Bộ chống nắng không nhờn rít La Roche-Posay Anthelios Shaka Fluid 50ml & Gel rửa mặt cho da dầu mụn 50ml,375.000 ₫,-13%,Vừa mở bán
106,"Giày Thể Thao Nam, Giày Vải Buộc Dây Đế Cao Su Dễ Đi, Thích Hợp Chạy Bộ G178",59.000 ₫,-40%,Vừa mở bán
107,Tã Quần Moony Natural Bông Organic XL32 (32 Miếng),333.000 ₫,-2%,Vừa mở bán
108,[Chỉ Giao HCM] Sả Đà Lạt Trợ Giá Tận Vườn (1Kg),17.000 ₫,-43%,Đã bán 2
109,Combo Nước giặt xả Maxkleen hương hoa nắng: 1 Túi 3.8kg + 1 Túi 600g,157.000 ₫,-38%,Đã bán 2
110,Chuốt Sao Biển 2 Lỗ Keyroad 970973,9.001 ₫,-68%,Vừa mở bán
111,Combo 6 hộp bông tẩy trang cao cấp Silcot Premium 66 miếng/hộp,165.000 ₫,-38%,Vừa mở bán
112,Điện Thoại Samsung Galaxy Z Flip (8GB/256GB) - ĐÃ KÍCH HOẠT BẢO HÀNH ĐIỆN TỬ - Hàng Chính Hãng,13.990.000 ₫,-61%,Đã bán 1
113,Máy rửa mặt Foreo LUNA MINI 3 - Loại bỏ bụi bẩn và cặn trang điểm chỉ trong 30s,2.415.000 ₫,-3%,Vừa mở bán
114,"Combo 3 Tinh Dầu Sả Chanh + Tinh Dầu Bạc Hà + Tinh Dầu Oải Hương (Lavender) - Tinh Dầu Xông Phòng Nguyên Chất Giúp Thư Giãn, Đuổi Muỗi Và Thơm Phòng (3 chai 10ML)",89.000 ₫,-40%,Vừa mở bán
115,Combo 2 Tã quần Bobby có đệm lưng thấm mồ hôi đủ size,813.000 ₫,-34%,Vừa mở bán
116,DÂY SẠC MICRO USB HOCO X14 2A 1M - CÁP SẠC NHANH BỌC DÙ CHỐNG ĐỨT GẬP CHO ANDROID SAMSUNG XIAOMI OPPO - GIAO MẪU NGẪU NHIÊN HÀNG CHÍNH HÃNG,30.000 ₫,-19%,Vừa mở bán
117,Nước rửa tay 500g Lifebuoy Sữa dưỡng ẩm Bảo vệ khỏi 99.9% vi khuẩn gây bệnh và dưỡng ẩm tay Chăm sóc da Ngăn ngừa vi khuẩn lây lan trên da với ion Bạc+ hỗ trợ cùng đề kháng da tự nhiên,55.000 ₫,-20%,Đã bán 8
118,Màn hình Cong Samsung LC32R500FHEXXV 31.5 inch FHD 75Hz - Hàng Chính Hãng,5.850.000 ₫,-5%,Vừa mở bán
119,Quánh chống dính đáy từ Tefal So Chef G1352395 18cm có nắp (Đỏ) - Hàng chính hãng,354.000 ₫,-20%,Vừa mở bán
120,Tã Dán Bobby Siêu Mỏng Thấm Gói Lớn M48 (48 Miếng),184.000 ₫,-3%,Vừa mở bán
121,Collagen nước DHC Collagen Beauty 7000 Plus,899.000 ₫,-25%,Vừa mở bán
122,Combo Tiết Kiệm: 6 Gói Khăn Ướt Bobby Care Bổ Sung 80 Miếng/Gói,145.000 ₫,-28%,Vừa mở bán
123,Túi Nam Đeo Chéo Trước Ngực 4U Da Tổng Hợp Cao Cấp Thời Trang Đựng Vừa Ipad Mini Nhiều Ngăn Tiện Dụng BA416,139.000 ₫,-44%,Vừa mở bán
124,Tinh chất thu nhỏ lỗ chân lông Paula's Choice 10% Niacinamide Booster 20ml,1.335.000 ₫,-25%,Vừa mở bán
125,Dưỡng Chất Ngăn Ngừa Lão Hóa Chuyên Sâu Pond's Age Miracle Youth Essence (30g),259.000 ₫,-25%,Vừa mở bán
126,Loa Bluetooth JBL Clip 3 - Hàng Chính Hãng,884.001 ₫,-40%,Vừa mở bán
127,Sữa bột Ensure hương Vanila 850 Grams cho người lớn tuổi - Nhập khẩu Australia,680.000 ₫,-3%,Vừa mở bán
128,"Combo 3 Áo lót học sinh, áo bra bé gái chất cotton siêu mát - RHS01",57.000 ₫,-59%,Vừa mở bán
129,Bao cao su Durex Jeans Hộp 30 bao,255.000 ₫,-19%,Đã bán 1
130,Hộp 16 Viên Nén Cà Phê Rang Xay Nescafe Dolce Gusto – Americano (128g),168.000 ₫,-32%,Vừa mở bán
131,Bộ quần áo ngủ sát nách nữ 4LOVA chất đũi mỏng nhẹ thoáng mát,119.000 ₫,-40%,Vừa mở bán
132,Thùng Sữa Đậu Nành Fami Fami Nguyên Chất Vị Bạc Hà (200ml x 36 Hộp),125.000 ₫,-37%,Đã bán 7
133,Combo Nước giặt xả Maxkleen Hương Nước Hoa Huyền Diệu: 1 Túi 2.4kg + 1 Túi 600g,112.000 ₫,-37%,Vừa mở bán
134,Kem Dưỡng Làm Dịu Kích Ứng Và Phục Hồi Da La Roche-Posay Cicaplast Baume B5 (40ml),259.000 ₫,-13%,Vừa mở bán
135,Máy rửa mặt Foreo LUNA 3 Loại bỏ bụi bẩn và cặn trang điểm chỉ trong 30s - Hàng Nhập Khẩu,3.099.000 ₫,-2%,Vừa mở bán
136,Dung Dịch Loại Bỏ Tế Bào Chết 2% BHA Paula's Choice Skin Perfecting 2% BHA Liquid Exfoliant (118ml),678.000 ₫,-25%,Vừa mở bán
137,"Nồi Điện Đa Năng LOTOR 12C (1,3L) - Hàng Chính Hãng",299.000 ₫,-38%,Vừa mở bán
138,Máy Xông Tinh Dầu Cao Cấp Tặng 3 Chai Tinh Dầu Sả Chanh + Bạc Hà + Quế. Máy Khuếch Tán Tinh Dầu Có Remote Điều Khiển Từ Xa Chuyên Dụng Xông Tinh Dầu,314.000 ₫,-50%,Vừa mở bán
139,Tã Quần Cao Cấp Moony Nhật Bản Bé Trai XL38 (38 Miếng),313.000 ₫,-2%,Vừa mở bán
140,Máy Giặt Samsung Inverter 9.5kg WW95T4040CE/SV - Chỉ Giao Hà Nội,6.709.000 ₫,-7%,Vừa mở bán
141,Tã Quần Cao Cấp Moony Nhật Bản Bé Gái L44 (44 Miếng),313.000 ₫,-2%,Vừa mở bán
142,Bộ Đôi Kem Dưỡng Chống Lão Hóa Da Ngày Và Đêm Pond's Age Miracle (50g/hũ),458.000 ₫,-27%,Vừa mở bán
143,Đồng Hồ Nam Điện Tử Thể Thao SKMEI 1155B - DHA473,137.000 ₫,-75%,Vừa mở bán
144,"Quần Short Gió Thể Thao Nam 5S (QSG001S1) Trẻ Trung, Năng Động Hàng Công Ty Chính Hãng",99.000 ₫,-61%,Vừa mở bán
145,COMBO LA ROCHE-POSAY SỮA RỬA MẶT HỖ TRỢ TRỊ MỤN DẠNG GEL EFFACLAR PURIFYING 400ML VÀ SỮA RỬA MẶT EFFACLAR 50ML,469.000 ₫,-22%,Vừa mở bán
146,Tã Quần Bobby Ultra Jumbo XL62 Siêu Siêu Lớn (Size XL) - 62 Miếng,341.000 ₫,-1%,Vừa mở bán
147,Nồi Chiên Không Dầu Philips HD9220/20 - Hàng nhập khẩu,2.599.000 ₫,-7%,Vừa mở bán
148,Thùng 48 Bịch Sữa Dinh Dưỡng Vinamilk Ít Đường (220ml / Bịch),310.000 ₫,-13%,Vừa mở bán
149,Sữa Bột Nestlé NAN Optipro 4 (900g),339.001 ₫,-13%,Vừa mở bán
150,Thùng 24 Chai Bia Hoegaarden Rosée (248ml x 24 Chai),383.000 ₫,-7%,Vừa mở bán
151,Thùng 12 Lon Bia Budweiser (500ml / Lon),298.000 ₫,-7%,Vừa mở bán
152,Máy sấy Electrolux 7 Kg EDV705HQWA,6.889.000 ₫,-9%,Vừa mở bán
153,"Quần Short Gió Thể Thao Nam 5S (QSG002S1-02) Trẻ Trung, Năng Động, Nam Tính",99.000 ₫,-61%,Vừa mở bán
154,"Ví da nam, Bóp da nam da bò thật khâu viền thủ công đựng tiền, nhiều ngăn tiện lợi, 3 màu nâu, đen, vàng bò NMN03",104.000 ₫,-48%,Vừa mở bán
155,Pin Sạc Dự Phòng Anker PowerCore Select 10000mAh - A1223 - Hàng Chính Hãng,399.000 ₫,-34%,Vừa mở bán
156,Dây Cáp Sạc Đa Năng 2 Trong 1 USB Type-C / Micro USB Xiaomi (1m) - Hàng Chính Hãng,81.001 ₫,-37%,Vừa mở bán
157,"Chảo chiên 26cm Tefal Unlimited G2550502 - Chống dính, báo nhiệt thông minh - Hàng chính hãng",1.279.000 ₫,-8%,Vừa mở bán
158,"Quần Lót Nam 5S (5BX020) Chất Liệu Bambo Cao Cấp, Mềm Mịn Thoáng Mát",35.000 ₫,-8%,Vừa mở bán
159,Combo 3 Túi Nước Giặt Xả Maxkleen Hương Nước Hoa Huyền Diệu (2.4kg/túi),274.000 ₫,-33%,Vừa mở bán
160,Thắt lưng nam da bò AT Leather M4K35-06,199.000 ₫,-39%,Vừa mở bán
161,Bộ 2 Chai Sữa Tắm Johnson's Baby Cho Bé - Milk Rice & Active Fresh - Dung Tích 1000mlx2,283.000 ₫,-29%,Vừa mở bán
162,"Kagerou Daze, Volume 02: A Headphone Actor (Light Novel)",98.701 ₫,-70%,Vừa mở bán
163,Đèn Bắt Muỗi Cao Cấp 2021 MIFAN - BH 6 Tháng - Đèn LED 11W Công Suất Cao Ánh Sáng Tím 365 Nano Wave Thu Hút Côn Trùng,314.000 ₫,-10%,Vừa mở bán
164,Geronimo Stilton 60: The Treasure Of Easter Island,57.601 ₫,-70%,Vừa mở bán
165,"Loa Bluetooth 5.0 - [[ Nghe 24h - Phạm Vi 20m, 200m2 ]] - VIVAN VS20 - Hàng Chính Hãng",499.000 ₫,-50%,Đã bán 1
166,Miếng Lót Sơ Sinh Bobby Fresh Newborn 2 - 40 (40 Miếng),82.000 ₫,-3%,Vừa mở bán
167,Tã Quần Cao Cấp Moony Nhật Bản Bé Gái XXL26 (26 Miếng),313.000 ₫,-2%,Vừa mở bán
168,Bình Giữ Nhiệt Thép Không Gỉ Classic Tea Lock&Lock LHC4030 (400ml),247.000 ₫,-53%,Vừa mở bán
169,Yến Mạch Ăn Liền Quaker 600g,95.000 ₫,-16%,Vừa mở bán
170,Sản Phẩm Dinh Dưỡng Nestle Nutren Junior (800g),479.001 ₫,-17%,Đã bán 1
171,Xịt Khoáng Làm Dịu Và Bảo Vệ Da La Roche-Posay Thermal Spring Water (300ml) - M0362400,329.000 ₫,-13%,Vừa mở bán
172,Sốt Ớt Tỏi Tabasco (60ml),55.001 ₫,-27%,Vừa mở bán
173,Kem Giảm Mụn Chuyên Biệt La Roche-Posay Effaclar Effaclar A.I. (15ml) - M9097200 - 100768025,429.000 ₫,-12%,Vừa mở bán
174,Combo 2 Túi Nước Giặt Ariel Matic Hương Downy (2.1Kg/ Túi),206.001 ₫,-24%,Vừa mở bán
175,Máy rửa mặt sóng âm Xiaomi inFace,299.000 ₫,-12%,Vừa mở bán
176,NutiMilk Thùng 48 Hộp Sữa chua Trân Châu Ngọc Trai TU.SCTNTI Nutifood,347.000 ₫,-28%,Vừa mở bán
177,"Chảo chiên Tefal Unlimited G2550302 22cm - Công nghệ chống dính, báo nhiệt thông minh - Tương thích với mọi loại bếp - Hàng chính hãng",1.129.000 ₫,-9%,Vừa mở bán
178,"Combo 3 Chiếc Quần Lót Nữ Thông Hơi ATUNER QL011, Họa Tiết Caro Thời Trang, Mềm Mại, Thoáng Mát (Giao Màu Ngẫu Nhiên) - Hàng Chính Hãng",165.000 ₫,-20%,Vừa mở bán
179,Máy ép trái cây Tefal ZE420D38 - Công suất 400W - Dung tích 950ML - Lưỡi dao làm bằng thép không rỉ cùng 2 chế độ ép - Hàng chính hãng,1.324.000 ₫,-19%,Vừa mở bán
180,Thùng 28 Chai Nước Uống Aquafina (500ml / Chai),108.000 ₫,-14%,Vừa mở bán
181,Bình đun siêu tốc Tefal BI81252A - 0.8L - Chất liệu inox không rỉ - Tự động ngắt điện khi nước sôi - Hàng chính hãng,494.000 ₫,-53%,Vừa mở bán
182,Dép nữ thời trang Erosska quai ngang đan chéo đế bệt kiểu dáng đơn giản DE028,49.000 ₫,-59%,Vừa mở bán
183,Nồi chiên không dầu 12L điện tử Mishio MK281 - Hàng chính hãng,2.395.000 ₫,-31%,Đã bán 1
184,Minh Triết Về Nỗi Bất An - Một Thông Điệp Cho Thời Đại Đầy Lo Âu,34.000 ₫,-29%,Vừa mở bán
185,Gel rửa mặt và tắm Effaclar Micro -Peeling Purifying La Roche Posay 400ml,435.000 ₫,-11%,Vừa mở bán
186,Bánh Ăn Dặm Nestlé CERELAC Nutripuffs Vị Chuối Cam - Gói 50g,39.000 ₫,-13%,Đã bán 1
187,Tinh chất chống nám và nếp nhăn độc đáo Paula's Choice Clinical 1% Retinol Treatment 30ml,1.454.000 ₫,-25%,Vừa mở bán
188,Camera IP EZVIZ CS-C3N (A0-3H2WFRL) 1080P Có Màu Ban Đêm - Hàng Chính Hãng,850.000 ₫,-29%,Vừa mở bán
189,Sữa tắm gội toàn thân Johnson's Baby mềm mịn (500ml),117.000 ₫,-26%,Đã bán 1
190,Sữa Bột Dành Cho Người bị Tiểu Đường Abbott Glucerna Vani 850g,755.000 ₫,-4%,Vừa mở bán
191,"Giàn tạ đa năng kết hợp xà đơn xà kép Zasami 8211 - Kèm 54kg tạ gang , đòn tạ 1m5, 1 găng tay tập tạ",6.539.000 ₫,-29%,Vừa mở bán
192,Tã Quần Pampers Giữ Dáng Mới Gói Đại M60/XXL44/L54/XL48,275.001 ₫,-20%,Vừa mở bán
193,Buổi Sáng Diệu Kỳ Dành Cho Doanh Nhân,59.000 ₫,-50%,Vừa mở bán
194,Sữa bột Abbott Pediasure 1.6kg,945.000 ₫,-5%,Vừa mở bán
195,"Ví nam da thật kiểu đứng J4M cao cấp siêu chất, da bò thật, sản phẩm cho nam và nữ đựng tiền và giấy tờ",100.000 ₫,-47%,Vừa mở bán
196,Smart Tivi Neo QLED Samsung 4K 55 inch QA55QN85A Mới 2021,30.878.000 ₫,-2%,Vừa mở bán
197,Nồi cơm điện tử Tefal RK752168 1.8L 750W,1.494.000 ₫,-22%,Vừa mở bán
198,Bộ 2 Diana Sensi Băng quần size M-L (5 miếng/ gói),122.000 ₫,-24%,Vừa mở bán
199,Combo 3 Túi Nước Giặt Xả Maxkleen 2.4kg/túi: 1 Hương Hoa nắng + 1 Hương Vườn sớm mai + 1 Hương Huyền diệu,274.000 ₫,-33%,Đã bán 1
200,Thùng Sữa đậu nành FamiGo đậu đỏ nếp cẩm (200ml x 40 Bịch),165.000 ₫,-41%,Đã bán 3
201,Combo 02 lon Sản phẩm dinh dưỡng y học NUTREN JUNIOR lon 800g - TẶNG Bộ đồ chơi đi biển,1.029.000 ₫,-11%,Vừa mở bán
202,Máy giặt sấy Samsung Inverter 10.5 kg WD10K6410OS/SV,11.379.000 ₫,-40%,Vừa mở bán
203,Bình Lọc Nước BRITA Flow Basic Blue - 8.2L (Kèm Maxtra Plus) - Hàng Chính Hãng,1.049.000 ₫,-46%,Đã bán 1
204,Chuốt Gôm 2 Trong 1 Keyroad 971077,11.001 ₫,-65%,Vừa mở bán
205,Combo Tiết Kiệm - 4 Gói Khăn Ướt Bobby Care Không Hương 100 Tờ/Gói,112.000 ₫,-3%,Vừa mở bán
206,NÓN MŨ LEN NAM THỜI TRANG HÀN QUỐC DN19112416,111.000 ₫,-18%,Vừa mở bán
207,Dầu Gội Dove Phục Hồi Hư Tổn 880gr,145.000 ₫,-18%,Vừa mở bán
208,Thùng 48 Bịch Sữa Tiệt Trùng Dutch Lady Cô Gái Hà Lan Socola (48X220ml),300.000 ₫,-16%,Vừa mở bán
209,Sữa Bột Abbott Ensure Gold Vani Ít Ngọt 850g,715.000 ₫,-4%,Vừa mở bán
210,Tủ Lạnh Sharp Inverter 224 lít SJ-X251E-DS,4.829.000 ₫,-13%,Vừa mở bán
211,Tã quần cao cấp Bobby Extra Soft Dry M60 (60 miếng),278.000 ₫,-2%,Vừa mở bán
212,Gọng kính xinh vintage Kim loại Hàn Quốc cao cấp ,136.000 ₫,-15%,Vừa mở bán
213,Bộ đôi 2 Kem chống nắng dạng gel bảo vệ hoàn hảo Anessa Perfect UV Sunscreen Skincare Gel 90g,765.000 ₫,-30%,Vừa mở bán
214,Combo Nước Giặt Xả MaxKleen Thiên Nhiên: 1 túi 2.2kg + 1 túi 600g,112.000 ₫,-37%,Vừa mở bán
215,Combo 2 Lăn khử mùi nước hoa Enchanteur Charming 50ml/ Chai,105.000 ₫,-33%,Vừa mở bán
216,Combo Nước lau sàn Maxkleen Chai + Túi hương Ban mai thanh mát 1kg,51.000 ₫,-18%,Vừa mở bán
